username,token
user,YeuWeb2i5sJdC-nZW6LXFMZLRIPvqLxe-151977f3-1191-4f37-8c93-53853a9109f4-1716149292395
francisco,I_R45CILvJn_iSZNqux7kzp7siDWegNf-9c110d6a-540a-4748-b9dd-7ebd958b6740-1716149686691
francisco_c,qKW2rz97rGNJ-pu3X3dPdRFrRGEMLboV-6c2ac620-a214-43ef-96a0-acbb9e1f266a-1716152675388
olirlr,_tA92Z0irLo1uzT4r0Evlx_yxMdkH1uQ-66d60160-18d8-4cf4-a2c4-9dcba0d8094c-1716157010924
sfgsdfbsdbsdbs,vnYEV8J05ZKbCFRcksekI3hXH_fasf32-e2a3716c-0221-42f5-befc-1bcb613ac9b0-1716158190083
user,3VAgJ_ttUmNTaV-jkbnX0sjx7noQ-4-3-8eb043a1-f8ae-46c0-bc0c-1b5296531b32-1716158856282
franc,FdPHrU78Px7j5kOtNFZs18ckPsgTc3Wl-98c842d4-6539-43cc-bd81-179631aa76c3-1716160488057
alicia,_JIyDX2CF4c7h1vikB_yZoQifGVEpP-h-7195dabe-ee0f-4468-ac44-39af3174280d-1716161645969
user,pEXLPmiKiSvohru-ZKf2jmaTCj215DVI-db04f896-98da-40bf-a556-98e3bb2a7449-1716161654309
